,similar classes (count),similar classes (%),similar best class
count,130.0,130.0,130.0
mean,4.753846153846154,95.07692307692308,0.9461538461538461
std,0.432435655679457,8.648713113589139,0.2265870286981135
min,4.0,80.0,0.0
25%,5.0,100.0,1.0
50%,5.0,100.0,1.0
75%,5.0,100.0,1.0
max,5.0,100.0,1.0
