,similar classes (count),similar classes (%),similar best class
count,130.0,130.0,130.0
mean,3.3846153846153846,67.6923076923077,0.6846153846153846
std,1.2782292462477258,25.564584924954517,0.4664664363012492
min,0.0,0.0,0.0
25%,3.0,60.0,0.0
50%,4.0,80.0,1.0
75%,4.0,80.0,1.0
max,5.0,100.0,1.0
