,similar classes (count),similar classes (%),similar best class
count,130.0,130.0,130.0
mean,3.5307692307692307,70.61538461538461,0.6307692307692307
std,1.1492394622886797,22.984789245773616,0.4844634455288312
min,0.0,0.0,0.0
25%,3.0,60.0,0.0
50%,4.0,80.0,1.0
75%,4.0,80.0,1.0
max,5.0,100.0,1.0
