,similar classes (count),similar classes (%),similar best class
count,130.0,130.0,130.0
mean,4.7846153846153845,95.6923076923077,93.84615384615384
std,0.4819954547152183,9.639909094304363,24.124503140149763
min,2.0,40.0,0.0
25%,5.0,100.0,100.0
50%,5.0,100.0,100.0
75%,5.0,100.0,100.0
max,5.0,100.0,100.0
