,similar classes (count),similar classes (%),similar best class
count,130.0,130.0,130.0
mean,4.723076923076923,94.46153846153847,97.6923076923077
std,0.46614674163255176,9.322934832651043,15.072870106184984
min,3.0,60.0,0.0
25%,4.0,80.0,100.0
50%,5.0,100.0,100.0
75%,5.0,100.0,100.0
max,5.0,100.0,100.0
