stat,similar classes (count),similar classes (%),similar best class
mean,4.7846153846153845,95.6923076923077,93.84615384615384
min,2.0,40.0,0.0
max,5.0,100.0,100.0
