stat,similar classes (count),similar classes (%),similar best class
mean,4.723076923076923,94.46153846153847,97.6923076923077
min,3.0,60.0,0.0
max,5.0,100.0,100.0
