stat,similar classes (count),similar classes (%),similar best class
mean,4.769230769230769,95.38461538461539,93.84615384615384
min,3.0,60.0,0.0
max,5.0,100.0,100.0
