stat,similar classes (count),similar classes (%),similar best class
mean,4.630769230769231,92.61538461538461,94.61538461538461
min,3.0,60.0,0.0
max,5.0,100.0,100.0
