stat,similar classes (count),similar classes (%),similar best class
mean,4.7384615384615385,94.76923076923077,92.3076923076923
min,4.0,80.0,0.0
max,5.0,100.0,100.0
