,similar classes (count),similar classes (%),similar best class
count,130.0,130.0,130.0
mean,4.638461538461539,92.76923076923077,93.07692307692308
std,0.5134447601885297,10.268895203770587,25.482815423968
min,3.0,60.0,0.0
25%,4.0,80.0,100.0
50%,5.0,100.0,100.0
75%,5.0,100.0,100.0
max,5.0,100.0,100.0
