,similar classes (count),similar classes (%),similar best class
count,130.0,130.0,130.0
mean,4.7384615384615385,94.76923076923077,92.3076923076923
std,0.4411726121406911,8.823452242813833,26.75001880861354
min,4.0,80.0,0.0
25%,4.0,80.0,100.0
50%,5.0,100.0,100.0
75%,5.0,100.0,100.0
max,5.0,100.0,100.0
