stat,similar classes (count),similar classes (%),similar best class
mean,4.584615384615384,91.6923076923077,93.07692307692308
min,3.0,60.0,0.0
max,5.0,100.0,100.0
