,similar classes (count),similar classes (%),similar best class
count,130.0,130.0,130.0
mean,4.623076923076923,92.46153846153847,95.38461538461539
std,0.5605283307209783,11.210566614419578,21.06298587289872
min,3.0,60.0,0.0
25%,4.0,80.0,100.0
50%,5.0,100.0,100.0
75%,5.0,100.0,100.0
max,5.0,100.0,100.0
