stat,similar classes (count),similar classes (%),similar best class
mean,4.623076923076923,92.46153846153847,95.38461538461539
min,3.0,60.0,0.0
max,5.0,100.0,100.0
