stat,similar classes (count),similar classes (%),similar best class
mean,4.746153846153846,94.92307692307692,92.3076923076923
min,3.0,60.0,0.0
max,5.0,100.0,100.0
