,similar classes (count),similar classes (%),similar best class
count,130.0,130.0,130.0
mean,4.623076923076923,92.46153846153847,90.0
std,0.5321505967325997,10.643011934652007,30.116054591962182
min,3.0,60.0,0.0
25%,4.0,80.0,100.0
50%,5.0,100.0,100.0
75%,5.0,100.0,100.0
max,5.0,100.0,100.0
