,similar classes (count),similar classes (%),similar best class
count,130.0,130.0,130.0
mean,4.861538461538461,97.23076923076923,0.9846153846153847
std,0.3467198711523157,6.934397423046313,0.12355304447984485
min,4.0,80.0,0.0
25%,5.0,100.0,1.0
50%,5.0,100.0,1.0
75%,5.0,100.0,1.0
max,5.0,100.0,1.0
