,similar classes (count),similar classes (%),similar best class
count,130.0,130.0,130.0
mean,4.869230769230769,97.38461538461539,0.9769230769230769
std,0.338452051691192,6.769041033823842,0.15072870106184982
min,4.0,80.0,0.0
25%,5.0,100.0,1.0
50%,5.0,100.0,1.0
75%,5.0,100.0,1.0
max,5.0,100.0,1.0
