,similar classes (count),similar classes (%),similar best class
count,130.0,130.0,130.0
mean,4.884615384615385,97.6923076923077,100.0
std,0.3207214586288935,6.41442917257785,0.0
min,4.0,80.0,100.0
25%,5.0,100.0,100.0
50%,5.0,100.0,100.0
75%,5.0,100.0,100.0
max,5.0,100.0,100.0
