,similar classes (count),similar classes (%),similar best class
count,130.0,130.0,130.0
mean,4.792307692307692,95.84615384615384,97.6923076923077
std,0.4072245603791948,8.144491207583892,15.072870106184991
min,4.0,80.0,0.0
25%,5.0,100.0,100.0
50%,5.0,100.0,100.0
75%,5.0,100.0,100.0
max,5.0,100.0,100.0
