stat,similar classes (count),similar classes (%),similar best class
mean,4.792307692307692,95.84615384615384,97.6923076923077
min,4.0,80.0,0.0
max,5.0,100.0,100.0
