stat,similar classes (count),similar classes (%),similar best class
mean,4.923076923076923,98.46153846153847,98.46153846153847
min,4.0,80.0,0.0
max,5.0,100.0,100.0
