stat,similar classes (count),similar classes (%),similar best class
mean,4.8307692307692305,96.61538461538461,96.92307692307692
min,4.0,80.0,0.0
max,5.0,100.0,100.0
