stat,similar classes (count),similar classes (%),similar best class
mean,4.876923076923077,97.53846153846153,96.15384615384616
min,4.0,80.0,0.0
max,5.0,100.0,100.0
