,similar classes (count),similar classes (%),similar best class
count,130.0,130.0,130.0
mean,4.8538461538461535,97.07692307692308,94.61538461538461
std,0.3546269677074804,7.092539354149621,22.658702869811357
min,4.0,80.0,0.0
25%,5.0,100.0,100.0
50%,5.0,100.0,100.0
75%,5.0,100.0,100.0
max,5.0,100.0,100.0
