stat,similar classes (count),similar classes (%),similar best class
mean,4.869230769230769,97.38461538461539,97.6923076923077
min,4.0,80.0,0.0
max,5.0,100.0,100.0
