stat,similar classes (count),similar classes (%),similar best class
mean,4.8538461538461535,97.07692307692308,94.61538461538461
min,4.0,80.0,0.0
max,5.0,100.0,100.0
