stat,similar classes (count),similar classes (%),similar best class
mean,4.884615384615385,97.6923076923077,96.15384615384616
min,4.0,80.0,0.0
max,5.0,100.0,100.0
