stat,similar classes (count),similar classes (%),similar best class
mean,1.4384615384615385,28.76923076923077,27.692307692307693
min,0.0,0.0,0.0
max,5.0,100.0,100.0
