stat,similar classes (count),similar classes (%),similar best class
mean,1.623076923076923,32.46153846153846,26.923076923076923
min,0.0,0.0,0.0
max,5.0,100.0,100.0
