stat,similar classes (count),similar classes (%),similar best class
mean,1.8153846153846154,36.30769230769231,35.38461538461539
min,0.0,0.0,0.0
max,5.0,100.0,100.0
