stat,similar classes (count),similar classes (%),similar best class
mean,1.8615384615384616,37.23076923076923,35.38461538461539
min,0.0,0.0,0.0
max,5.0,100.0,100.0
