stat,similar classes (count),similar classes (%),similar best class
mean,2.223076923076923,44.46153846153846,40.76923076923077
min,0.0,0.0,0.0
max,5.0,100.0,100.0
