stat,similar classes (count),similar classes (%),similar best class
mean,2.353846153846154,47.07692307692308,43.07692307692308
min,0.0,0.0,0.0
max,5.0,100.0,100.0
