stat,similar classes (count),similar classes (%),similar best class
mean,1.4307692307692308,28.615384615384617,21.53846153846154
min,0.0,0.0,0.0
max,4.0,80.0,100.0
