stat,similar classes (count),similar classes (%),similar best class
mean,1.1307692307692307,22.615384615384617,16.153846153846153
min,0.0,0.0,0.0
max,5.0,100.0,100.0
