stat,similar classes (count),similar classes (%),similar best class
mean,2.046153846153846,40.92307692307692,38.46153846153846
min,0.0,0.0,0.0
max,4.0,80.0,100.0
