stat,similar classes (count),similar classes (%),similar best class
mean,3.2153846153846155,64.3076923076923,61.53846153846154
min,0.0,0.0,0.0
max,5.0,100.0,100.0
