,similar classes (count),similar classes (%),similar best class
count,130.0,130.0,130.0
mean,3.1153846153846154,62.30769230769231,60.0
std,1.3037490091391228,26.07498018278246,49.17931121073973
min,0.0,0.0,0.0
25%,2.0,40.0,0.0
50%,3.0,60.0,100.0
75%,4.0,80.0,100.0
max,5.0,100.0,100.0
