,similar classes (count),similar classes (%),similar best class
count,130.0,130.0,130.0
mean,3.2153846153846155,64.3076923076923,61.53846153846154
std,1.127421530878584,22.548430617571693,48.83862905055042
min,0.0,0.0,0.0
25%,3.0,60.0,0.0
50%,3.0,60.0,100.0
75%,4.0,80.0,100.0
max,5.0,100.0,100.0
