stat,similar classes (count),similar classes (%),similar best class
mean,3.276923076923077,65.53846153846153,64.61538461538461
min,0.0,0.0,0.0
max,5.0,100.0,100.0
