stat,similar classes (count),similar classes (%),similar best class
mean,3.3153846153846156,66.3076923076923,64.61538461538461
min,0.0,0.0,0.0
max,5.0,100.0,100.0
