stat,similar classes (count),similar classes (%),similar best class
mean,3.3461538461538463,66.92307692307692,60.76923076923077
min,0.0,0.0,0.0
max,5.0,100.0,100.0
