stat,similar classes (count),similar classes (%),similar best class
mean,2.830769230769231,56.61538461538461,61.53846153846154
min,0.0,0.0,0.0
max,5.0,100.0,100.0
