stat,similar classes (count),similar classes (%),similar best class
mean,2.7384615384615385,54.76923076923077,50.76923076923077
min,0.0,0.0,0.0
max,5.0,100.0,100.0
