stat,similar classes (count),similar classes (%),similar best class
mean,3.3846153846153846,67.6923076923077,68.46153846153847
min,0.0,0.0,0.0
max,5.0,100.0,100.0
