stat,similar classes (count),similar classes (%),similar best class
mean,3.0538461538461537,61.07692307692308,55.38461538461539
min,0.0,0.0,0.0
max,5.0,100.0,100.0
