stat,similar classes (count),similar classes (%),similar best class
mean,3.1307692307692307,62.61538461538461,59.23076923076923
min,0.0,0.0,0.0
max,5.0,100.0,100.0
