,similar classes (count),similar classes (%),similar best class
count,130.0,130.0,130.0
mean,3.0538461538461537,61.07692307692308,55.38461538461539
std,1.2092123034242312,24.184246068484644,49.90151302103885
min,0.0,0.0,0.0
25%,2.0,40.0,0.0
50%,3.0,60.0,100.0
75%,4.0,80.0,100.0
max,5.0,100.0,100.0
