stat,similar classes (count),similar classes (%),similar best class
mean,3.5307692307692307,70.61538461538461,63.07692307692308
min,0.0,0.0,0.0
max,5.0,100.0,100.0
