stat,similar classes (count),similar classes (%),similar best class
mean,3.5692307692307694,71.38461538461539,65.38461538461539
min,0.0,0.0,0.0
max,5.0,100.0,100.0
