,similar classes (count),similar classes (%),similar best class
count,130.0,130.0,130.0
mean,3.5692307692307694,71.38461538461539,65.38461538461539
std,1.2195974780017556,24.3919495600351,47.75833619597227
min,0.0,0.0,0.0
25%,3.0,60.0,0.0
50%,4.0,80.0,100.0
75%,4.0,80.0,100.0
max,5.0,100.0,100.0
