,similar classes (count),similar classes (%),similar best class
count,130.0,130.0,130.0
mean,3.1307692307692307,62.61538461538461,61.53846153846154
std,1.190325742261052,23.806514845221063,48.83862905055042
min,0.0,0.0,0.0
25%,2.0,40.0,0.0
50%,3.0,60.0,100.0
75%,4.0,80.0,100.0
max,5.0,100.0,100.0
