stat,similar classes (count),similar classes (%),similar best class
mean,3.1307692307692307,62.61538461538461,61.53846153846154
min,0.0,0.0,0.0
max,5.0,100.0,100.0
