stat,similar classes (count),similar classes (%),similar best class
mean,4.930769230769231,98.61538461538461,98.46153846153847
min,4.0,80.0,0.0
max,5.0,100.0,100.0
