stat,similar classes (count),similar classes (%),similar best class
mean,4.938461538461539,98.76923076923077,99.23076923076923
min,4.0,80.0,0.0
max,5.0,100.0,100.0
