stat,similar classes (count),similar classes (%),similar best class
mean,4.946153846153846,98.92307692307692,98.46153846153847
min,4.0,80.0,0.0
max,5.0,100.0,100.0
