,similar classes (count),similar classes (%),similar best class
count,130.0,130.0,130.0
mean,4.046153846153846,80.92307692307692,0.7615384615384615
std,0.7456492770498322,14.912985540996642,0.4277912653693352
min,2.0,40.0,0.0
25%,4.0,80.0,1.0
50%,4.0,80.0,1.0
75%,5.0,100.0,1.0
max,5.0,100.0,1.0
