,similar classes (count),similar classes (%),similar best class
count,130.0,130.0,130.0
mean,4.323076923076923,86.46153846153847,0.8615384615384616
std,0.7067271944465587,14.134543888931175,0.3467198711523156
min,2.0,40.0,0.0
25%,4.0,80.0,1.0
50%,4.0,80.0,1.0
75%,5.0,100.0,1.0
max,5.0,100.0,1.0
