,similar classes (count),similar classes (%),similar best class
count,130.0,130.0,130.0
mean,4.4,88.0,87.6923076923077
std,0.6999446268242622,13.998892536485235,32.97963810470025
min,2.0,40.0,0.0
25%,4.0,80.0,100.0
50%,5.0,100.0,100.0
75%,5.0,100.0,100.0
max,5.0,100.0,100.0
