stat,similar classes (count),similar classes (%),similar best class
mean,4.269230769230769,85.38461538461539,93.07692307692308
min,2.0,40.0,0.0
max,5.0,100.0,100.0
