stat,similar classes (count),similar classes (%),similar best class
mean,4.276923076923077,85.53846153846153,86.15384615384616
min,0.0,0.0,0.0
max,5.0,100.0,100.0
