stat,similar classes (count),similar classes (%),similar best class
mean,4.246153846153846,84.92307692307692,83.84615384615384
min,1.0,20.0,0.0
max,5.0,100.0,100.0
