stat,similar classes (count),similar classes (%),similar best class
mean,4.253846153846154,85.07692307692308,80.76923076923077
min,1.0,20.0,0.0
max,5.0,100.0,100.0
