stat,similar classes (count),similar classes (%),similar best class
mean,4.130769230769231,82.61538461538461,77.6923076923077
min,2.0,40.0,0.0
max,5.0,100.0,100.0
