stat,similar classes (count),similar classes (%),similar best class
mean,4.046153846153846,80.92307692307692,76.15384615384616
min,2.0,40.0,0.0
max,5.0,100.0,100.0
