stat,similar classes (count),similar classes (%),similar best class
mean,4.2384615384615385,84.76923076923077,84.61538461538461
min,1.0,20.0,0.0
max,5.0,100.0,100.0
