stat,similar classes (count),similar classes (%),similar best class
mean,4.323076923076923,86.46153846153847,86.15384615384616
min,2.0,40.0,0.0
max,5.0,100.0,100.0
