stat,similar classes (count),similar classes (%),similar best class
mean,4.315384615384615,86.3076923076923,84.61538461538461
min,2.0,40.0,0.0
max,5.0,100.0,100.0
