stat,similar classes (count),similar classes (%),similar best class
mean,4.507692307692308,90.15384615384616,81.53846153846153
min,2.0,40.0,0.0
max,5.0,100.0,100.0
