,similar classes (count),similar classes (%),similar best class
count,130.0,130.0,130.0
mean,4.584615384615384,91.6923076923077,87.6923076923077
std,0.5811591649068938,11.623183298137858,32.97963810470025
min,2.0,40.0,0.0
25%,4.0,80.0,100.0
50%,5.0,100.0,100.0
75%,5.0,100.0,100.0
max,5.0,100.0,100.0
