,similar classes (count),similar classes (%),similar best class
count,130.0,130.0,130.0
mean,4.230769230769231,84.61538461538461,82.3076923076923
std,0.792781987475794,15.855639749515875,38.30798207628933
min,2.0,40.0,0.0
25%,4.0,80.0,100.0
50%,4.0,80.0,100.0
75%,5.0,100.0,100.0
max,5.0,100.0,100.0
