stat,similar classes (count),similar classes (%),similar best class
mean,4.230769230769231,84.61538461538461,82.3076923076923
min,2.0,40.0,0.0
max,5.0,100.0,100.0
