,similar classes (count),similar classes (%),similar best class
count,130.0,130.0,130.0
mean,4.392307692307693,87.84615384615384,0.8923076923076924
std,0.6876107814469427,13.752215628938854,0.31119060801061
min,2.0,40.0,0.0
25%,4.0,80.0,1.0
50%,4.5,90.0,1.0
75%,5.0,100.0,1.0
max,5.0,100.0,1.0
