,similar classes (count),similar classes (%),similar best class
count,130.0,130.0,130.0
mean,4.2384615384615385,84.76923076923077,0.8461538461538461
std,0.8146321389222602,16.292642778445202,0.3621969668765184
min,1.0,20.0,0.0
25%,4.0,80.0,1.0
50%,4.0,80.0,1.0
75%,5.0,100.0,1.0
max,5.0,100.0,1.0
